municipal,acs_year,med_c_r
Massachusetts,2017-21,1429.0
Worcester County,2017-21,1142.0
Suffolk County,2017-21,1761.0
Plymouth County,2017-21,1406.0
Norfolk County,2017-21,1781.0
Nantucket County,2017-21,1822.0
Middlesex County,2017-21,1815.0
Hampshire County,2017-21,1152.0
Hampden County,2017-21,975.0
Franklin County,2017-21,1010.0
Essex County,2017-21,1392.0
Dukes County,2017-21,1462.0
Bristol County,2017-21,1006.0
Berkshire County,2017-21,943.0
Barnstable County,2017-21,1408.0
Yarmouth,2017-21,1600.0
Wrentham,2017-21,1243.0
Worthington,2017-21,810.0
Worcester,2017-21,1179.0
Woburn,2017-21,1843.0
Winthrop,2017-21,1656.0
Winchester,2017-21,2063.0
Winchendon,2017-21,752.0
Wilmington,2017-21,2186.0
Williamstown,2017-21,998.0
Williamsburg,2017-21,1275.0
Wilbraham,2017-21,906.0
Whitman,2017-21,1469.0
Whately,2017-21,1677.0
Weymouth,2017-21,1626.0
Westwood,2017-21,1944.0
Westport,2017-21,1158.0
Weston,2017-21,1741.0
Westminster,2017-21,1541.0
Westhampton,2017-21,1596.0
Westford,2017-21,2134.0
Westfield,2017-21,983.0
Westborough,2017-21,1790.0
West Tisbury,2017-21,2052.0
West Stockbridge,2017-21,1700.0
West Springfield,2017-21,949.0
West Newbury,2017-21,2250.0
West Brookfield,2017-21,957.0
West Bridgewater,2017-21,1745.0
West Boylston,2017-21,1147.0
Wendell,2017-21,1264.0
Wellfleet,2017-21,1288.0
Wellesley,2017-21,2329.0
Webster,2017-21,994.0
Wayland,2017-21,1067.0
Watertown,2017-21,2000.0
Warwick,2017-21,1313.0
Warren,2017-21,748.0
Wareham,2017-21,1192.0
Ware,2017-21,915.0
Waltham,2017-21,1950.0
Walpole,2017-21,1571.0
Wales,2017-21,1000.0
Wakefield,2017-21,1643.0
Uxbridge,2017-21,1334.0
Upton,2017-21,916.0
Tyringham,2017-21,1250.0
Tyngsborough,2017-21,1596.0
Townsend,2017-21,1144.0
Topsfield,2017-21,1115.0
Tisbury,2017-21,1431.0
Tewksbury,2017-21,2130.0
Templeton,2017-21,1132.0
Taunton,2017-21,1067.0
Swansea,2017-21,1183.0
Swampscott,2017-21,2056.0
Sutton,2017-21,1178.0
Sunderland,2017-21,1435.0
Sudbury,2017-21,1232.0
Sturbridge,2017-21,1324.0
Stow,2017-21,1435.0
Stoughton,2017-21,1722.0
Stoneham,2017-21,1661.0
Stockbridge,2017-21,857.0
Sterling,2017-21,1325.0
Springfield,2017-21,964.0
Spencer,2017-21,919.0
Southwick,2017-21,1149.0
Southbridge,2017-21,959.0
Southborough,2017-21,1475.0
Southampton,2017-21,800.0
South Hadley,2017-21,1025.0
Somerville,2017-21,2152.0
Somerset,2017-21,1216.0
Shutesbury,2017-21,1486.0
Shrewsbury,2017-21,1676.0
Shirley,2017-21,899.0
Sherborn,2017-21,1638.0
Shelburne,2017-21,1020.0
Sheffield,2017-21,949.0
Sharon,2017-21,1802.0
Seekonk,2017-21,1478.0
Scituate,2017-21,1178.0
Savoy,2017-21,692.0
Saugus,2017-21,1140.0
Sandwich,2017-21,1589.0
Sandisfield,2017-21,1313.0
Salisbury,2017-21,1565.0
Salem,2017-21,1493.0
Rutland,2017-21,1005.0
Russell,2017-21,1038.0
Royalston,2017-21,908.0
Rowley,2017-21,1321.0
Rowe,2017-21,1275.0
Rockport,2017-21,1632.0
Rockland,2017-21,1216.0
Rochester,2017-21,1347.0
Richmond,2017-21,967.0
Revere,2017-21,1626.0
Rehoboth,2017-21,1184.0
Reading,2017-21,1619.0
Raynham,2017-21,1613.0
Randolph,2017-21,1768.0
Quincy,2017-21,1749.0
Provincetown,2017-21,1133.0
Princeton,2017-21,872.0
Plympton,2017-21,1396.0
Plymouth,2017-21,1588.0
Plainville,2017-21,1659.0
Plainfield,2017-21,895.0
Pittsfield,2017-21,966.0
Phillipston,2017-21,1103.0
Petersham,2017-21,1182.0
Pepperell,2017-21,1082.0
Pembroke,2017-21,1607.0
Pelham,2017-21,1339.0
Peabody,2017-21,1620.0
Paxton,2017-21,1125.0
Palmer,2017-21,977.0
Oxford,2017-21,1084.0
Otis,2017-21,1375.0
Orleans,2017-21,974.0
Orange,2017-21,834.0
Oakham,2017-21,1227.0
Oak Bluffs,2017-21,1155.0
Norwood,2017-21,1730.0
Norwell,2017-21,1923.0
Norton,2017-21,1671.0
Northfield,2017-21,966.0
Northbridge,2017-21,1060.0
Northborough,2017-21,1992.0
Northampton,2017-21,1254.0
North Reading,2017-21,2022.0
North Brookfield,2017-21,860.0
North Attleborough,2017-21,1158.0
North Andover,2017-21,1887.0
North Adams,2017-21,816.0
Norfolk,2017-21,1439.0
Newton,2017-21,2066.0
Newburyport,2017-21,1366.0
Newbury,2017-21,1198.0
New Salem,2017-21,1046.0
New Marlborough,2017-21,1513.0
New Braintree,2017-21,772.0
New Bedford,2017-21,936.0
New Ashford,2017-21,1107.0
Needham,2017-21,1826.0
Natick,2017-21,1776.0
Nantucket,2017-21,1822.0
Nahant,2017-21,1763.0
Montague,2017-21,995.0
Monson,2017-21,854.0
Monroe,2017-21,1000.0
Milton,2017-21,1276.0
Millville,2017-21,1199.0
Millis,2017-21,1770.0
Millbury,2017-21,1284.0
Milford,2017-21,1458.0
Middleton,2017-21,1449.0
Middleborough,2017-21,1428.0
Methuen,2017-21,1328.0
Merrimac,2017-21,1130.0
Mendon,2017-21,1350.0
Melrose,2017-21,1796.0
Medway,2017-21,1300.0
Medford,2017-21,2116.0
Medfield,2017-21,1504.0
Maynard,2017-21,1322.0
Mattapoisett,2017-21,1546.0
Mashpee,2017-21,1365.0
Marshfield,2017-21,1334.0
Marlborough,2017-21,1527.0
Marion,2017-21,1326.0
Marblehead,2017-21,1567.0
Mansfield,2017-21,1387.0
Manchester-by-the-Sea,2017-21,1725.0
Malden,2017-21,1774.0
Lynnfield,2017-21,1752.0
Lynn,2017-21,1343.0
Lunenburg,2017-21,1505.0
Ludlow,2017-21,1078.0
Lowell,2017-21,1311.0
Longmeadow,2017-21,1871.0
Littleton,2017-21,1332.0
Lincoln,2017-21,2306.0
Leyden,2017-21,1292.0
Lexington,2017-21,2493.0
Leverett,2017-21,1453.0
Leominster,2017-21,1064.0
Lenox,2017-21,1036.0
Leicester,2017-21,952.0
Lee,2017-21,1064.0
Lawrence,2017-21,1303.0
Lanesborough,2017-21,1534.0
Lancaster,2017-21,1524.0
Lakeville,2017-21,1663.0
Kingston,2017-21,1060.0
Ipswich,2017-21,1271.0
Huntington,2017-21,1074.0
Hull,2017-21,1672.0
Hudson,2017-21,1364.0
Hubbardston,2017-21,1052.0
Hopkinton,2017-21,2082.0
Hopedale,2017-21,1340.0
Holyoke,2017-21,908.0
Holliston,2017-21,1235.0
Holland,2017-21,1172.0
Holden,2017-21,1342.0
Holbrook,2017-21,1015.0
Hinsdale,2017-21,849.0
Hingham,2017-21,2149.0
Hawley,2017-21,825.0
Haverhill,2017-21,1328.0
Tolland,2017-21,1375.0
Hatfield,2017-21,1164.0
Harwich,2017-21,1282.0
Harvard,2017-21,1125.0
Hardwick,2017-21,1013.0
Hanson,2017-21,1732.0
Hanover,2017-21,1228.0
Hancock,2017-21,1011.0
Hampden,2017-21,2045.0
Hamilton,2017-21,1356.0
Halifax,2017-21,1255.0
Hadley,2017-21,1246.0
Groveland,2017-21,1432.0
Groton,2017-21,1277.0
Greenfield,2017-21,934.0
Great Barrington,2017-21,991.0
Gloucester,2017-21,1256.0
Gill,2017-21,855.0
Georgetown,2017-21,1942.0
Gardner,2017-21,915.0
Freetown,2017-21,1561.0
Franklin,2017-21,1519.0
Framingham,2017-21,1538.0
Foxborough,2017-21,1577.0
Florida,2017-21,1139.0
Fitchburg,2017-21,1008.0
Falmouth,2017-21,1221.0
Fall River,2017-21,918.0
Fairhaven,2017-21,953.0
Everett,2017-21,1700.0
Essex,2017-21,1534.0
Granville,2017-21,1667.0
Erving,2017-21,855.0
Egremont,2017-21,1276.0
Edgartown,2017-21,1408.0
Easton,2017-21,1689.0
Easthampton,2017-21,1044.0
Eastham,2017-21,1639.0
East Longmeadow,2017-21,962.0
East Brookfield,2017-21,887.0
East Bridgewater,2017-21,1292.0
Duxbury,2017-21,1743.0
Dunstable,2017-21,1625.0
Dudley,2017-21,1050.0
Dracut,2017-21,1467.0
Dover,2017-21,2575.0
Douglas,2017-21,1274.0
Dighton,2017-21,1186.0
Dennis,2017-21,1300.0
Deerfield,2017-21,961.0
Dedham,2017-21,1795.0
Dartmouth,2017-21,1157.0
Danvers,2017-21,1681.0
Dalton,2017-21,903.0
Cummington,2017-21,938.0
Conway,2017-21,1412.0
Concord,2017-21,2271.0
Colrain,2017-21,1006.0
Cohasset,2017-21,1250.0
Clinton,2017-21,1186.0
Clarksburg,2017-21,950.0
Chilmark,2017-21,1679.0
Chicopee,2017-21,1006.0
Chesterfield,2017-21,1094.0
Chester,2017-21,978.0
Cheshire,2017-21,1250.0
Chelsea,2017-21,1639.0
Chelmsford,2017-21,1716.0
Chatham,2017-21,1132.0
Charlton,2017-21,1081.0
Charlemont,2017-21,1025.0
Carver,2017-21,1573.0
Carlisle,2017-21,1389.0
Canton,2017-21,1931.0
Cambridge,2017-21,2388.0
Burlington,2017-21,2165.0
Buckland,2017-21,852.0
Brookline,2017-21,2452.0
Brookfield,2017-21,955.0
Brockton,2017-21,1311.0
Brimfield,2017-21,825.0
Bridgewater,2017-21,1760.0
Brewster,2017-21,1360.0
Braintree,2017-21,1602.0
Boylston,2017-21,1513.0
Boxford,2017-21,914.0
Boxborough,2017-21,1458.0
Bourne,2017-21,1346.0
Boston,2017-21,1783.0
Blandford,2017-21,820.0
Blackstone,2017-21,1075.0
Billerica,2017-21,1754.0
Beverly,2017-21,1439.0
Bernardston,2017-21,890.0
Berlin,2017-21,792.0
Belmont,2017-21,2215.0
Bellingham,2017-21,1628.0
Belchertown,2017-21,1117.0
Bedford,2017-21,2094.0
Becket,2017-21,1469.0
Barre,2017-21,1112.0
Barnstable,2017-21,1569.0
Ayer,2017-21,1171.0
Avon,2017-21,1419.0
Auburn,2017-21,1007.0
Attleboro,2017-21,1261.0
Athol,2017-21,889.0
Granby,2017-21,861.0
Ashland,2017-21,2018.0
Ashfield,2017-21,840.0
Ashby,2017-21,1024.0
Ashburnham,2017-21,1907.0
Arlington,2017-21,1797.0
Aquinnah,2017-21,1297.0
Andover,2017-21,1771.0
Amherst,2017-21,1340.0
Amesbury,2017-21,1245.0
Agawam,2017-21,1173.0
Adams,2017-21,837.0
Acushnet,2017-21,952.0
Acton,2017-21,1661.0
Abington,2017-21,1365.0
Grafton,2017-21,1234.0
Goshen,2017-21,1271.0
Abington,2014-18,1167.0
Acton,2014-18,1377.0
Acushnet,2014-18,807.0
Adams,2014-18,745.0
Agawam,2014-18,1044.0
Alford,2014-18,0.0
Amesbury,2014-18,1144.0
Amherst,2014-18,1312.0
Andover,2014-18,1515.0
Arlington,2014-18,1645.0
Ashburnham,2014-18,1579.0
Ashby,2014-18,1175.0
Ashfield,2014-18,882.0
Ashland,2014-18,1340.0
Athol,2014-18,885.0
Attleboro,2014-18,1057.0
Auburn,2014-18,954.0
Avon,2014-18,1087.0
Ayer,2014-18,1015.0
Barnstable,2014-18,1299.0
Barre,2014-18,985.0
Becket,2014-18,1118.0
Bedford,2014-18,1843.0
Belchertown,2014-18,979.0
Bellingham,2014-18,1147.0
Belmont,2014-18,1903.0
Berkley,2014-18,0.0
Berlin,2014-18,1101.0
Bernardston,2014-18,899.0
Beverly,2014-18,1212.0
Billerica,2014-18,1426.0
Blackstone,2014-18,892.0
Blandford,2014-18,1675.0
Bolton,2014-18,875.0
Boston,2014-18,1539.0
Bourne,2014-18,1315.0
Boxborough,2014-18,1097.0
Boxford,2014-18,850.0
Boylston,2014-18,903.0
Braintree,2014-18,1424.0
Brewster,2014-18,917.0
Bridgewater,2014-18,1495.0
Brimfield,2014-18,1043.0
Brockton,2014-18,1088.0
Brookfield,2014-18,1008.0
Brookline,2014-18,2194.0
Buckland,2014-18,865.0
Burlington,2014-18,1919.0
Cambridge,2014-18,2071.0
Canton,2014-18,1660.0
Carlisle,2014-18,1059.0
Carver,2014-18,1361.0
Charlemont,2014-18,934.0
Charlton,2014-18,1022.0
Chatham,2014-18,1025.0
Chelmsford,2014-18,1478.0
Chelsea,2014-18,1361.0
Cheshire,2014-18,995.0
Chester,2014-18,975.0
Chesterfield,2014-18,1164.0
Chicopee,2014-18,917.0
Chilmark,2014-18,1647.0
Clarksburg,2014-18,928.0
Clinton,2014-18,1144.0
Cohasset,2014-18,1688.0
Colrain,2014-18,959.0
Concord,2014-18,2007.0
Conway,2014-18,1162.0
Cummington,2014-18,857.0
Dalton,2014-18,848.0
Danvers,2014-18,1356.0
Dartmouth,2014-18,925.0
Dedham,2014-18,1614.0
Deerfield,2014-18,951.0
Dennis,2014-18,1177.0
Dighton,2014-18,967.0
Douglas,2014-18,1107.0
Dover,2014-18,2783.0
Dracut,2014-18,1287.0
Dudley,2014-18,971.0
Dunstable,2014-18,1750.0
Duxbury,2014-18,1857.0
East Bridgewater,2014-18,1201.0
East Brookfield,2014-18,1030.0
East Longmeadow,2014-18,930.0
Eastham,2014-18,1196.0
Easthampton,2014-18,983.0
Easton,2014-18,1432.0
Edgartown,2014-18,1774.0
Egremont,2014-18,1132.0
Erving,2014-18,798.0
Essex,2014-18,1128.0
Everett,2014-18,1388.0
Fairhaven,2014-18,921.0
Fall River,2014-18,783.0
Falmouth,2014-18,1241.0
Fitchburg,2014-18,995.0
Florida,2014-18,850.0
Foxborough,2014-18,1428.0
Framingham,2014-18,1359.0
Franklin,2014-18,1250.0
Freetown,2014-18,1238.0
Gardner,2014-18,811.0
Aquinnah,2014-18,1146.0
Georgetown,2014-18,1571.0
Gill,2014-18,950.0
Gloucester,2014-18,1108.0
Goshen,2014-18,1115.0
Gosnold,2014-18,0.0
Grafton,2014-18,1131.0
Granby,2014-18,809.0
Granville,2014-18,1188.0
Great Barrington,2014-18,897.0
Greenfield,2014-18,866.0
Groton,2014-18,1258.0
Groveland,2014-18,1337.0
Hadley,2014-18,1174.0
Halifax,2014-18,1703.0
Hamilton,2014-18,1162.0
Hampden,2014-18,1105.0
Hancock,2014-18,1067.0
Hanover,2014-18,1159.0
Hanson,2014-18,775.0
Hardwick,2014-18,670.0
Harvard,2014-18,1217.0
Harwich,2014-18,1269.0
Hatfield,2014-18,1117.0
Haverhill,2014-18,1176.0
Hawley,2014-18,1111.0
Heath,2014-18,0.0
Hingham,2014-18,2163.0
Hinsdale,2014-18,745.0
Holbrook,2014-18,981.0
Holden,2014-18,1235.0
Holland,2014-18,1265.0
Holliston,2014-18,1083.0
Holyoke,2014-18,818.0
Hopedale,2014-18,1196.0
Hopkinton,2014-18,1740.0
Hubbardston,2014-18,1267.0
Hudson,2014-18,1248.0
Hull,2014-18,1308.0
Huntington,2014-18,947.0
Ipswich,2014-18,1084.0
Kingston,2014-18,1277.0
Lakeville,2014-18,1352.0
Lancaster,2014-18,878.0
Lanesborough,2014-18,966.0
Lawrence,2014-18,1111.0
Lee,2014-18,874.0
Leicester,2014-18,969.0
Lenox,2014-18,912.0
Leominster,2014-18,935.0
Leverett,2014-18,1174.0
Lexington,2014-18,2240.0
Leyden,2014-18,1571.0
Lincoln,2014-18,2285.0
Littleton,2014-18,1354.0
Longmeadow,2014-18,1367.0
Lowell,2014-18,1111.0
Ludlow,2014-18,999.0
Lunenburg,2014-18,1531.0
Lynn,2014-18,1130.0
Lynnfield,2014-18,2079.0
Malden,2014-18,1518.0
Manchester,2014-18,1183.0
Mansfield,2014-18,1208.0
Marblehead,2014-18,1507.0
Marion,2014-18,1182.0
Marlborough,2014-18,1435.0
Marshfield,2014-18,1360.0
Mashpee,2014-18,1382.0
Mattapoisett,2014-18,1129.0
Maynard,2014-18,1157.0
Medfield,2014-18,1291.0
Medford,2014-18,1666.0
Medway,2014-18,1060.0
Melrose,2014-18,1362.0
Mendon,2014-18,1487.0
Merrimac,2014-18,1094.0
Methuen,2014-18,1202.0
Middleborough,2014-18,1189.0
Middlefield,2014-18,0.0
Middleton,2014-18,1573.0
Milford,2014-18,1192.0
Millbury,2014-18,1104.0
Millis,2014-18,1659.0
Millville,2014-18,1166.0
Milton,2014-18,1459.0
Monroe,2014-18,913.0
Monson,2014-18,884.0
Montague,2014-18,858.0
Monterey,2014-18,1111.0
Montgomery,2014-18,0.0
Mount Washington,2014-18,0.0
Nahant,2014-18,1367.0
Nantucket,2014-18,1765.0
Natick,2014-18,1510.0
Needham,2014-18,1473.0
New Ashford,2014-18,1550.0
New Bedford,2014-18,819.0
New Braintree,2014-18,925.0
New Marlborough,2014-18,1192.0
New Salem,2014-18,1061.0
Newbury,2014-18,1250.0
Newburyport,2014-18,1274.0
Newton,2014-18,1829.0
Norfolk,2014-18,1309.0
North Adams,2014-18,736.0
North Andover,2014-18,1499.0
North Attleborough,2014-18,1047.0
North Brookfield,2014-18,842.0
North Reading,2014-18,1451.0
Northampton,2014-18,1098.0
Northborough,2014-18,1399.0
Northbridge,2014-18,962.0
Northfield,2014-18,827.0
Norton,2014-18,1112.0
Norwell,2014-18,446.0
Norwood,2014-18,1530.0
Oak Bluffs,2014-18,1530.0
Oakham,2014-18,1225.0
Orange,2014-18,806.0
Orleans,2014-18,890.0
Otis,2014-18,694.0
Oxford,2014-18,889.0
Palmer,2014-18,907.0
Paxton,2014-18,973.0
Peabody,2014-18,1314.0
Pelham,2014-18,1489.0
Pembroke,2014-18,1653.0
Pepperell,2014-18,1115.0
Peru,2014-18,0.0
Petersham,2014-18,885.0
Phillipston,2014-18,1239.0
Pittsfield,2014-18,852.0
Plainfield,2014-18,850.0
Plainville,2014-18,1361.0
Plymouth,2014-18,1376.0
Plympton,2014-18,1281.0
Princeton,2014-18,1125.0
Provincetown,2014-18,1307.0
Quincy,2014-18,1447.0
Randolph,2014-18,1331.0
Raynham,2014-18,1380.0
Reading,2014-18,1265.0
Rehoboth,2014-18,1214.0
Revere,2014-18,1351.0
Richmond,2014-18,1362.0
Rochester,2014-18,1007.0
Rockland,2014-18,1216.0
Rockport,2014-18,1286.0
Rowe,2014-18,1250.0
Rowley,2014-18,1261.0
Royalston,2014-18,917.0
Russell,2014-18,1075.0
Rutland,2014-18,959.0
Salem,2014-18,1237.0
Salisbury,2014-18,1344.0
Sandisfield,2014-18,725.0
Sandwich,2014-18,1294.0
Saugus,2014-18,937.0
Savoy,2014-18,729.0
Scituate,2014-18,1158.0
Seekonk,2014-18,1093.0
Sharon,2014-18,1563.0
Sheffield,2014-18,1076.0
Shelburne,2014-18,845.0
Sherborn,2014-18,1447.0
Shirley,2014-18,944.0
Shrewsbury,2014-18,1340.0
Shutesbury,2014-18,1408.0
Somerset,2014-18,1064.0
Somerville,2014-18,1763.0
South Hadley,2014-18,960.0
Southampton,2014-18,1010.0
Southborough,2014-18,1102.0
Southbridge,2014-18,901.0
Southwick,2014-18,972.0
Spencer,2014-18,879.0
Springfield,2014-18,847.0
Sterling,2014-18,1314.0
Stockbridge,2014-18,826.0
Stoneham,2014-18,1477.0
Stoughton,2014-18,1399.0
Stow,2014-18,1453.0
Sturbridge,2014-18,1178.0
Sudbury,2014-18,1005.0
Sunderland,2014-18,1389.0
Sutton,2014-18,841.0
Swampscott,2014-18,1742.0
Swansea,2014-18,937.0
Taunton,2014-18,988.0
Templeton,2014-18,1000.0
Tewksbury,2014-18,1709.0
Tisbury,2014-18,1399.0
Tolland,2014-18,1321.0
Topsfield,2014-18,0.0
Townsend,2014-18,894.0
Truro,2014-18,1040.0
Tyngsborough,2014-18,1086.0
Tyringham,2014-18,900.0
Upton,2014-18,849.0
Uxbridge,2014-18,1194.0
Wakefield,2014-18,1360.0
Wales,2014-18,836.0
Walpole,2014-18,1453.0
Waltham,2014-18,1584.0
Ware,2014-18,948.0
Wareham,2014-18,1142.0
Warren,2014-18,767.0
Warwick,2014-18,1089.0
Washington,2014-18,0.0
Watertown,2014-18,1791.0
Wayland,2014-18,1270.0
Webster,2014-18,891.0
Wellesley,2014-18,1796.0
Wellfleet,2014-18,1174.0
Wendell,2014-18,928.0
Wenham,2014-18,0.0
West Boylston,2014-18,945.0
West Bridgewater,2014-18,1391.0
West Brookfield,2014-18,1275.0
West Newbury,2014-18,2013.0
West Springfield,2014-18,868.0
West Stockbridge,2014-18,1587.0
West Tisbury,2014-18,1158.0
Westborough,2014-18,1625.0
Westfield,2014-18,961.0
Westford,2014-18,1781.0
Westhampton,2014-18,1131.0
Westminster,2014-18,1132.0
Weston,2014-18,1729.0
Westport,2014-18,1088.0
Westwood,2014-18,1662.0
Weymouth,2014-18,1429.0
Whately,2014-18,1444.0
Whitman,2014-18,1227.0
Wilbraham,2014-18,768.0
Williamsburg,2014-18,1064.0
Williamstown,2014-18,958.0
Wilmington,2014-18,1915.0
Winchendon,2014-18,710.0
Winchester,2014-18,1813.0
Windsor,2014-18,0.0
Winthrop,2014-18,1330.0
Woburn,2014-18,1518.0
Worcester,2014-18,1064.0
Worthington,2014-18,758.0
Wrentham,2014-18,1094.0
Yarmouth,2014-18,1342.0
Massachusetts,2014-18,1225.0
Barnstable County,2014-18,1268.0
Berkshire County,2014-18,836.0
Bristol County,2014-18,872.0
Dukes County,2014-18,1557.0
Essex County,2014-18,1189.0
Franklin County,2014-18,926.0
Hampden County,2014-18,885.0
Hampshire County,2014-18,1083.0
Middlesex County,2014-18,1541.0
Nantucket County,2014-18,1765.0
Norfolk County,2014-18,1520.0
Plymouth County,2014-18,1227.0
Suffolk County,2014-18,1506.0
Worcester County,2014-18,1027.0
Abington,2010-14,1082.0
Acton,2010-14,1193.0
Acushnet,2010-14,780.0
Adams,2010-14,669.0
Agawam,2010-14,885.0
Alford,2010-14,1354.0
Amesbury,2010-14,1015.0
Amherst,2010-14,1117.0
Andover,2010-14,1252.0
Arlington,2010-14,1419.0
Ashburnham,2010-14,978.0
Ashby,2010-14,1279.0
Ashfield,2010-14,900.0
Ashland,2010-14,1145.0
Athol,2010-14,705.0
Attleboro,2010-14,971.0
Auburn,2010-14,956.0
Avon,2010-14,1071.0
Ayer,2010-14,919.0
Barnstable,2010-14,1106.0
Barre,2010-14,967.0
Becket,2010-14,1273.0
Bedford,2010-14,1764.0
Belchertown,2010-14,876.0
Bellingham,2010-14,1219.0
Belmont,2010-14,1662.0
Berkley,2010-14,852.0
Berlin,2010-14,1250.0
Bernardston,2010-14,975.0
Beverly,2010-14,1068.0
Billerica,2010-14,1306.0
Blackstone,2010-14,930.0
Blandford,2010-14,821.0
Bolton,2010-14,950.0
Boston,2010-14,1298.0
Bourne,2010-14,959.0
Boxborough,2010-14,926.0
Boxford,2010-14,775.0
Boylston,2010-14,1148.0
Braintree,2010-14,1324.0
Brewster,2010-14,1039.0
Bridgewater,2010-14,1193.0
Brimfield,2010-14,683.0
Brockton,2010-14,1039.0
Brookfield,2010-14,856.0
Brookline,2010-14,1848.0
Buckland,2010-14,867.0
Burlington,2010-14,1651.0
Cambridge,2010-14,1656.0
Canton,2010-14,1446.0
Carlisle,2010-14,2001.0
Carver,2010-14,1338.0
Charlemont,2010-14,793.0
Charlton,2010-14,887.0
Chatham,2010-14,972.0
Chelmsford,2010-14,1113.0
Chelsea,2010-14,1165.0
Cheshire,2010-14,733.0
Chester,2010-14,883.0
Chesterfield,2010-14,950.0
Chicopee,2010-14,814.0
Chilmark,2010-14,1150.0
Clarksburg,2010-14,656.0
Clinton,2010-14,1001.0
Cohasset,2010-14,1271.0
Colrain,2010-14,940.0
Concord,2010-14,1573.0
Conway,2010-14,1054.0
Cummington,2010-14,825.0
Dalton,2010-14,817.0
Danvers,2010-14,1282.0
Dartmouth,2010-14,960.0
Dedham,2010-14,1479.0
Deerfield,2010-14,902.0
Dennis,2010-14,1038.0
Dighton,2010-14,971.0
Douglas,2010-14,1082.0
Dover,2010-14,1485.0
Dracut,2010-14,1181.0
Dudley,2010-14,886.0
Dunstable,2010-14,1250.0
Duxbury,2010-14,1393.0
East Bridgewater,2010-14,990.0
East Brookfield,2010-14,939.0
East Longmeadow,2010-14,695.0
Eastham,2010-14,1168.0
Easthampton,2010-14,852.0
Easton,2010-14,1178.0
Edgartown,2010-14,1628.0
Egremont,2010-14,881.0
Erving,2010-14,831.0
Essex,2010-14,1210.0
Everett,2010-14,1210.0
Fairhaven,2010-14,861.0
Fall River,2010-14,722.0
Falmouth,2010-14,1122.0
Fitchburg,2010-14,860.0
Florida,2010-14,1034.0
Foxborough,2010-14,1225.0
Framingham,2010-14,1147.0
Franklin,2010-14,1087.0
Freetown,2010-14,1121.0
Gardner,2010-14,738.0
Aquinnah,2010-14,850.0
Georgetown,2010-14,1292.0
Gill,2010-14,645.0
Gloucester,2010-14,975.0
Goshen,2010-14,1279.0
Gosnold,2010-14,0.0
Grafton,2010-14,993.0
Granby,2010-14,832.0
Granville,2010-14,933.0
Great Barrington,2010-14,957.0
Greenfield,2010-14,806.0
Groton,2010-14,1214.0
Groveland,2010-14,1115.0
Hadley,2010-14,988.0
Halifax,2010-14,1582.0
Hamilton,2010-14,1132.0
Hampden,2010-14,773.0
Hancock,2010-14,907.0
Hanover,2010-14,1106.0
Hanson,2010-14,1064.0
Hardwick,2010-14,735.0
Harvard,2010-14,1522.0
Harwich,2010-14,1161.0
Hatfield,2010-14,942.0
Haverhill,2010-14,1042.0
Hawley,2010-14,871.0
Heath,2010-14,960.0
Hingham,2010-14,1900.0
Hinsdale,2010-14,855.0
Holbrook,2010-14,1134.0
Holden,2010-14,1018.0
Holland,2010-14,1043.0
Holliston,2010-14,971.0
Holyoke,2010-14,697.0
Hopedale,2010-14,1089.0
Hopkinton,2010-14,1363.0
Hubbardston,2010-14,1063.0
Hudson,2010-14,1151.0
Hull,2010-14,1264.0
Huntington,2010-14,681.0
Ipswich,2010-14,1034.0
Kingston,2010-14,1185.0
Lakeville,2010-14,1139.0
Lancaster,2010-14,970.0
Lanesborough,2010-14,740.0
Lawrence,2010-14,998.0
Lee,2010-14,761.0
Leicester,2010-14,787.0
Lenox,2010-14,754.0
Leominster,2010-14,902.0
Leverett,2010-14,961.0
Lexington,2010-14,1714.0
Leyden,2010-14,545.0
Lincoln,2010-14,2001.0
Littleton,2010-14,1294.0
Longmeadow,2010-14,1396.0
Lowell,2010-14,1005.0
Ludlow,2010-14,870.0
Lunenburg,2010-14,1065.0
Lynn,2010-14,987.0
Lynnfield,2010-14,1246.0
Malden,2010-14,1264.0
Manchester,2010-14,1321.0
Mansfield,2010-14,1134.0
Marblehead,2010-14,1217.0
Marion,2010-14,967.0
Marlborough,2010-14,1142.0
Marshfield,2010-14,1217.0
Mashpee,2010-14,1331.0
Mattapoisett,2010-14,1082.0
Maynard,2010-14,1071.0
Medfield,2010-14,968.0
Medford,2010-14,1464.0
Medway,2010-14,827.0
Melrose,2010-14,1118.0
Mendon,2010-14,1213.0
Merrimac,2010-14,1200.0
Methuen,2010-14,1026.0
Middleborough,2010-14,1063.0
Middlefield,2010-14,671.0
Middleton,2010-14,1655.0
Milford,2010-14,1113.0
Millbury,2010-14,910.0
Millis,2010-14,1289.0
Millville,2010-14,1239.0
Milton,2010-14,1299.0
Monroe,2010-14,800.0
Monson,2010-14,872.0
Montague,2010-14,768.0
Monterey,2010-14,869.0
Montgomery,2010-14,1000.0
Mount Washington,2010-14,0.0
Nahant,2010-14,1144.0
Nantucket,2010-14,1742.0
Natick,2010-14,1237.0
Needham,2010-14,1432.0
New Ashford,2010-14,933.0
New Bedford,2010-14,769.0
New Braintree,2010-14,875.0
New Marlborough,2010-14,1159.0
New Salem,2010-14,1538.0
Newbury,2010-14,1123.0
Newburyport,2010-14,1089.0
Newton,2010-14,1672.0
Norfolk,2010-14,1400.0
North Adams,2010-14,672.0
North Andover,2010-14,1312.0
North Attleborough,2010-14,958.0
North Brookfield,2010-14,762.0
North Reading,2010-14,1420.0
Northampton,2010-14,965.0
Northborough,2010-14,1284.0
Northbridge,2010-14,871.0
Northfield,2010-14,789.0
Norton,2010-14,1123.0
Norwell,2010-14,1325.0
Norwood,2010-14,1229.0
Oak Bluffs,2010-14,1427.0
Oakham,2010-14,1039.0
Orange,2010-14,704.0
Orleans,2010-14,933.0
Otis,2010-14,656.0
Oxford,2010-14,859.0
Palmer,2010-14,751.0
Paxton,2010-14,993.0
Peabody,2010-14,1241.0
Pelham,2010-14,1288.0
Pembroke,2010-14,1357.0
Pepperell,2010-14,1153.0
Peru,2010-14,713.0
Petersham,2010-14,870.0
Phillipston,2010-14,1208.0
Pittsfield,2010-14,762.0
Plainfield,2010-14,606.0
Plainville,2010-14,1111.0
Plymouth,2010-14,1287.0
Plympton,2010-14,650.0
Princeton,2010-14,1112.0
Provincetown,2010-14,977.0
Quincy,2010-14,1235.0
Randolph,2010-14,1290.0
Raynham,2010-14,1281.0
Reading,2010-14,1248.0
Rehoboth,2010-14,1095.0
Revere,2010-14,1176.0
Richmond,2010-14,1131.0
Rochester,2010-14,1138.0
Rockland,2010-14,1092.0
Rockport,2010-14,992.0
Rowe,2010-14,995.0
Rowley,2010-14,1399.0
Royalston,2010-14,1067.0
Russell,2010-14,905.0
Rutland,2010-14,858.0
Salem,2010-14,1082.0
Salisbury,2010-14,1086.0
Sandisfield,2010-14,883.0
Sandwich,2010-14,1356.0
Saugus,2010-14,1139.0
Savoy,2010-14,800.0
Scituate,2010-14,974.0
Seekonk,2010-14,1094.0
Sharon,2010-14,1609.0
Sheffield,2010-14,855.0
Shelburne,2010-14,805.0
Sherborn,2010-14,2001.0
Shirley,2010-14,1127.0
Shrewsbury,2010-14,1232.0
Shutesbury,2010-14,1238.0
Somerset,2010-14,924.0
Somerville,2010-14,1470.0
South Hadley,2010-14,917.0
Southampton,2010-14,989.0
Southborough,2010-14,1322.0
Southbridge,2010-14,839.0
Southwick,2010-14,896.0
Spencer,2010-14,810.0
Springfield,2010-14,813.0
Sterling,2010-14,1131.0
Stockbridge,2010-14,1012.0
Stoneham,2010-14,1270.0
Stoughton,2010-14,1112.0
Stow,2010-14,1378.0
Sturbridge,2010-14,864.0
Sudbury,2010-14,533.0
Sunderland,2010-14,1148.0
Sutton,2010-14,865.0
Swampscott,2010-14,1283.0
Swansea,2010-14,877.0
Taunton,2010-14,912.0
Templeton,2010-14,604.0
Tewksbury,2010-14,1498.0
Tisbury,2010-14,1304.0
Tolland,2010-14,1063.0
Topsfield,2010-14,886.0
Townsend,2010-14,946.0
Truro,2010-14,945.0
Tyngsborough,2010-14,1048.0
Tyringham,2010-14,1172.0
Upton,2010-14,940.0
Uxbridge,2010-14,1151.0
Wakefield,2010-14,1179.0
Wales,2010-14,891.0
Walpole,2010-14,1352.0
Waltham,2010-14,1358.0
Ware,2010-14,784.0
Wareham,2010-14,1047.0
Warren,2010-14,803.0
Warwick,2010-14,1120.0
Washington,2010-14,0.0
Watertown,2010-14,1530.0
Wayland,2010-14,1025.0
Webster,2010-14,826.0
Wellesley,2010-14,1651.0
Wellfleet,2010-14,872.0
Wendell,2010-14,939.0
Wenham,2010-14,882.0
West Boylston,2010-14,854.0
West Bridgewater,2010-14,1094.0
West Brookfield,2010-14,994.0
West Newbury,2010-14,1673.0
West Springfield,2010-14,836.0
West Stockbridge,2010-14,1104.0
West Tisbury,2010-14,1595.0
Westborough,2010-14,1285.0
Westfield,2010-14,848.0
Westford,2010-14,1413.0
Westhampton,2010-14,1250.0
Westminster,2010-14,1002.0
Weston,2010-14,1307.0
Westport,2010-14,954.0
Westwood,2010-14,1338.0
Weymouth,2010-14,1138.0
Whately,2010-14,1306.0
Whitman,2010-14,1083.0
Wilbraham,2010-14,728.0
Williamsburg,2010-14,880.0
Williamstown,2010-14,857.0
Wilmington,2010-14,1556.0
Winchendon,2010-14,747.0
Winchester,2010-14,1566.0
Windsor,2010-14,0.0
Winthrop,2010-14,1263.0
Woburn,2010-14,1292.0
Worcester,2010-14,935.0
Worthington,2010-14,616.0
Wrentham,2010-14,1106.0
Yarmouth,2010-14,1208.0
Massachusetts,2010-14,1088.0
Barnstable County,2010-14,1101.0
Berkshire County,2010-14,754.0
Bristol County,2010-14,813.0
Dukes County,2010-14,1461.0
Essex County,2010-14,1063.0
Franklin County,2010-14,836.0
Hampden County,2010-14,807.0
Hampshire County,2010-14,946.0
Middlesex County,2010-14,1320.0
Nantucket County,2010-14,1742.0
Norfolk County,2010-14,1305.0
Plymouth County,2010-14,1120.0
Suffolk County,2010-14,1279.0
Worcester County,2010-14,927.0
Abington,2005-09,1060.0
Worcester County,2005-09,847.0
"Suffolk County
Suffolk County",2005-09,1144.0
Plymouth County,2005-09,1009.0
Norfolk County,2005-09,1193.0
Nantucket County,2005-09,1575.0
Middlesex County,2005-09,1191.0
Hampshire County,2005-09,847.0
Hampden County,2005-09,716.0
Franklin County,2005-09,786.0
Essex County,2005-09,971.0
Dukes County,2005-09,1159.0
Bristol County,2005-09,769.0
Berkshire County,2005-09,690.0
Barnstable County,2005-09,1045.0
Massachusetts,2005-09,987.0
Yarmouth,2005-09,1152.0
Wrentham,2005-09,1008.0
Worthington,2005-09,775.0
Worcester,2005-09,842.0
Woburn,2005-09,1169.0
Winthrop,2005-09,1199.0
Windsor,2005-09,0.0
Winchester,2005-09,1302.0
Winchendon,2005-09,771.0
Wilmington,2005-09,1518.0
Williamstown,2005-09,747.0
Williamsburg,2005-09,699.0
Wilbraham,2005-09,498.0
Whitman,2005-09,883.0
Whately,2005-09,929.0
Weymouth,2005-09,1121.0
Westwood,2005-09,1143.0
Westport,2005-09,819.0
Weston,2005-09,1956.0
Westminster,2005-09,1073.0
Westhampton,2005-09,1281.0
Westford,2005-09,1148.0
Westfield,2005-09,802.0
Westborough,2005-09,1194.0
West Tisbury,2005-09,1321.0
West Stockbridge,2005-09,815.0
West Springfield,2005-09,717.0
West Newbury,2005-09,517.0
West Brookfield,2005-09,777.0
West Bridgewater,2005-09,750.0
West Boylston,2005-09,868.0
Wenham,2005-09,1004.0
Wendell,2005-09,967.0
Wellfleet,2005-09,1586.0
Wellesley,2005-09,1170.0
Webster,2005-09,754.0
Wayland,2005-09,1477.0
Watertown,2005-09,1339.0
Washington,2005-09,0.0
Warwick,2005-09,633.0
Warren,2005-09,668.0
Wareham,2005-09,895.0
Ware,2005-09,638.0
Waltham,2005-09,1248.0
Walpole,2005-09,1235.0
Wales,2005-09,704.0
Wakefield,2005-09,1060.0
Uxbridge,2005-09,911.0
Upton,2005-09,932.0
Tyringham,2005-09,782.0
Tyngsborough,2005-09,1119.0
Truro,2005-09,1022.0
Townsend,2005-09,839.0
Topsfield,2005-09,392.0
Tolland,2005-09,1110.0
Tisbury,2005-09,1338.0
Tewksbury,2005-09,1176.0
Templeton,2005-09,649.0
Taunton,2005-09,879.0
Swansea,2005-09,824.0
Swampscott,2005-09,1184.0
Sutton,2005-09,787.0
Sunderland,2005-09,986.0
Sudbury,2005-09,299.0
Sturbridge,2005-09,780.0
Stow,2005-09,1529.0
Stoughton,2005-09,1077.0
Stoneham,2005-09,1141.0
Stockbridge,2005-09,881.0
Sterling,2005-09,967.0
Springfield,2005-09,714.0
Spencer,2005-09,760.0
Southwick,2005-09,811.0
Southbridge,2005-09,810.0
Southborough,2005-09,848.0
Southampton,2005-09,1087.0
South Hadley,2005-09,813.0
Somerville,2005-09,1283.0
Somerset,2005-09,761.0
Shutesbury,2005-09,863.0
Shrewsbury,2005-09,1096.0
Shirley,2005-09,994.0
Sherborn,2005-09,1052.0
Shelburne,2005-09,855.0
Sheffield,2005-09,794.0
Sharon,2005-09,1139.0
Seekonk,2005-09,1068.0
Scituate,2005-09,1019.0
Savoy,2005-09,725.0
Saugus,2005-09,1077.0
Sandwich,2005-09,1137.0
Sandisfield,2005-09,825.0
Salisbury,2005-09,1035.0
Salem,2005-09,1005.0
Rutland,2005-09,866.0
Russell,2005-09,732.0
Royalston,2005-09,1150.0
Rowley,2005-09,1055.0
Rowe,2005-09,1031.0
Rockport,2005-09,877.0
Rockland,2005-09,1034.0
Rochester,2005-09,863.0
Richmond,2005-09,1042.0
Revere,2005-09,1070.0
Rehoboth,2005-09,1056.0
Reading,2005-09,920.0
Raynham,2005-09,1155.0
Randolph,2005-09,1109.0
Quincy,2005-09,1114.0
Provincetown,2005-09,878.0
Princeton,2005-09,1101.0
Plympton,2005-09,710.0
Plymouth,2005-09,1134.0
Plainville,2005-09,1137.0
Plainfield,2005-09,781.0
Pittsfield,2005-09,674.0
Phillipston,2005-09,975.0
Petersham,2005-09,818.0
Peru,2005-09,344.0
Pepperell,2005-09,824.0
Pembroke,2005-09,865.0
Pelham,2005-09,967.0
Peabody,2005-09,1080.0
Paxton,2005-09,902.0
Palmer,2005-09,675.0
Oxford,2005-09,753.0
Otis,2005-09,891.0
Orleans,2005-09,792.0
Orange,2005-09,669.0
Oakham,2005-09,875.0
Oak Bluffs,2005-09,1086.0
Norwood,2005-09,1213.0
Norwell,2005-09,1330.0
Norton,2005-09,1014.0
Northfield,2005-09,793.0
Northbridge,2005-09,933.0
Northborough,2005-09,986.0
Northampton,2005-09,844.0
North Reading,2005-09,1296.0
North Brookfield,2005-09,749.0
North Attleborough,2005-09,981.0
North Andover,2005-09,1156.0
North Adams,2005-09,629.0
Norfolk,2005-09,408.0
Newton,2005-09,1474.0
Newburyport,2005-09,1051.0
Newbury,2005-09,1270.0
New Salem,2005-09,957.0
New Marlborough,2005-09,1021.0
New Braintree,2005-09,975.0
New Bedford,2005-09,717.0
New Ashford,2005-09,1083.0
Needham,2005-09,1537.0
Natick,2005-09,1215.0
Nantucket,2005-09,1575.0
Nahant,2005-09,1257.0
Mount Washington,2005-09,1583.0
Montgomery,2005-09,692.0
Monterey,2005-09,982.0
Montague,2005-09,804.0
Monson,2005-09,623.0
Monroe,2005-09,1583.0
Milton,2005-09,1288.0
Millville,2005-09,941.0
Millis,2005-09,1067.0
Millbury,2005-09,893.0
Milford,2005-09,973.0
Middleton,2005-09,910.0
Middlefield,2005-09,0.0
Middleborough,2005-09,954.0
Methuen,2005-09,908.0
Merrimac,2005-09,957.0
Mendon,2005-09,1008.0
Melrose,2005-09,1062.0
Medway,2005-09,888.0
Medford,2005-09,1252.0
Medfield,2005-09,984.0
Maynard,2005-09,978.0
Mattapoisett,2005-09,1183.0
Mashpee,2005-09,1073.0
Marshfield,2005-09,1072.0
Marlborough,2005-09,1030.0
Marion,2005-09,1508.0
Marblehead,2005-09,1089.0
Mansfield,2005-09,1046.0
Manchester,2005-09,1257.0
Malden,2005-09,1153.0
Lynnfield,2005-09,1167.0
Lynn,2005-09,906.0
Lunenburg,2005-09,788.0
Ludlow,2005-09,853.0
Lowell,2005-09,895.0
Longmeadow,2005-09,1261.0
Littleton,2005-09,741.0
Lincoln,2005-09,2001.0
Leyden,2005-09,1025.0
Lexington,2005-09,1846.0
Leverett,2005-09,989.0
Leominster,2005-09,817.0
Lenox,2005-09,783.0
Leicester,2005-09,721.0
Lee,2005-09,707.0
Lawrence,2005-09,922.0
Lanesborough,2005-09,751.0
Lancaster,2005-09,946.0
Lakeville,2005-09,831.0
Kingston,2005-09,1209.0
Ipswich,2005-09,874.0
Huntington,2005-09,807.0
Hull,2005-09,1246.0
Hudson,2005-09,1026.0
Hubbardston,2005-09,764.0
Hopkinton,2005-09,961.0
Hopedale,2005-09,978.0
Holyoke,2005-09,668.0
Holliston,2005-09,885.0
Holland,2005-09,981.0
Holden,2005-09,898.0
Holbrook,2005-09,1083.0
Hinsdale,2005-09,655.0
Hingham,2005-09,1484.0
Heath,2005-09,680.0
Hawley,2005-09,975.0
Haverhill,2005-09,961.0
Hatfield,2005-09,764.0
Harwich,2005-09,915.0
Harvard,2005-09,1328.0
Hardwick,2005-09,465.0
Hanson,2005-09,956.0
Hanover,2005-09,761.0
Hancock,2005-09,890.0
Hampden,2005-09,618.0
Hamilton,2005-09,1064.0
Halifax,2005-09,989.0
Hadley,2005-09,736.0
Groveland,2005-09,1188.0
Groton,2005-09,1503.0
Greenfield,2005-09,739.0
Great Barrington,2005-09,815.0
Granville,2005-09,654.0
Granby,2005-09,775.0
Grafton,2005-09,883.0
Gosnold,2005-09,0.0
Goshen,2005-09,1298.0
Gloucester,2005-09,958.0
Gill,2005-09,658.0
Georgetown,2005-09,922.0
Aquinnah,2005-09,1014.0
Gardner,2005-09,694.0
Freetown,2005-09,1138.0
Franklin,2005-09,1147.0
Framingham,2005-09,1080.0
Foxborough,2005-09,1107.0
Florida,2005-09,1288.0
Fitchburg,2005-09,800.0
Falmouth,2005-09,930.0
Fall River,2005-09,649.0
Fairhaven,2005-09,826.0
Everett,2005-09,1112.0
Essex,2005-09,1145.0
Erving,2005-09,800.0
Egremont,2005-09,873.0
Edgartown,2005-09,1178.0
Easton,2005-09,1055.0
Easthampton,2005-09,799.0
Eastham,2005-09,1205.0
East Longmeadow,2005-09,374.0
East Brookfield,2005-09,1018.0
East Bridgewater,2005-09,1048.0
Duxbury,2005-09,884.0
Dunstable,2005-09,493.0
Dudley,2005-09,740.0
Dracut,2005-09,1070.0
Dover,2005-09,2001.0
Douglas,2005-09,879.0
Dighton,2005-09,900.0
Dennis,2005-09,1026.0
Deerfield,2005-09,760.0
Dedham,2005-09,1234.0
Dartmouth,2005-09,1033.0
Danvers,2005-09,1103.0
Dalton,2005-09,720.0
Cummington,2005-09,720.0
Conway,2005-09,940.0
Concord,2005-09,1262.0
Colrain,2005-09,894.0
Cohasset,2005-09,1500.0
Clinton,2005-09,885.0
Clarksburg,2005-09,742.0
Chilmark,2005-09,1200.0
Chicopee,2005-09,693.0
Chesterfield,2005-09,904.0
Chester,2005-09,683.0
Cheshire,2005-09,749.0
Chelsea,2005-09,988.0
Chelmsford,2005-09,1099.0
Chatham,2005-09,933.0
Charlton,2005-09,974.0
Charlemont,2005-09,631.0
Carver,2005-09,832.0
Carlisle,2005-09,2001.0
Canton,2005-09,1249.0
Cambridge,2005-09,1415.0
Burlington,2005-09,1505.0
Buckland,2005-09,789.0
Brookline,2005-09,1665.0
Brookfield,2005-09,584.0
Brockton,2005-09,940.0
Brimfield,2005-09,888.0
Bridgewater,2005-09,1117.0
Brewster,2005-09,1054.0
Braintree,2005-09,1180.0
Boylston,2005-09,596.0
Boxford,2005-09,683.0
Boxborough,2005-09,1010.0
Bourne,2005-09,967.0
Boston,2005-09,1161.0
Bolton,2005-09,1423.0
Blandford,2005-09,786.0
Blackstone,2005-09,755.0
Billerica,2005-09,1152.0
Beverly,2005-09,1023.0
Bernardston,2005-09,1139.0
Berlin,2005-09,930.0
Berkley,2005-09,1038.0
Belmont,2005-09,1538.0
Bellingham,2005-09,1122.0
Belchertown,2005-09,737.0
Bedford,2005-09,1306.0
Becket,2005-09,1588.0
Barre,2005-09,926.0
Barnstable,2005-09,1124.0
Ayer,2005-09,855.0
Avon,2005-09,1140.0
Auburn,2005-09,806.0
Attleboro,2005-09,918.0
Athol,2005-09,795.0
Ashland,2005-09,1139.0
Ashfield,2005-09,967.0
Ashby,2005-09,723.0
Ashburnham,2005-09,969.0
Arlington,2005-09,1235.0
Andover,2005-09,975.0
Amherst,2005-09,1074.0
Amesbury,2005-09,906.0
Alford,2005-09,1125.0
Agawam,2005-09,817.0
Adams,2005-09,553.0
Acushnet,2005-09,744.0
Acton,2005-09,1044.0
